name,email,password
Ada Simon,miji@ibeviwi.sy,password
Roy Francis,enusorza@su.mq,password
Mario Fitzgerald,cebu@kilmutpow.pf,password
Nell Hogan,vedive@ra.lr,password
Della Holt,lepe@wu.td,password
Florence Harrington,ginac@kuonuku.mm,password
Hallie Hernandez,ila@weme.si,password
Ernest Bush,muk@varmotzo.il,password
John Hall,ni@bafevjin.io,password
Darrell Silva,wabov@pocac.sy,password
Tony Scott,tisiz@usje.nc,password
Erik McCarthy,sehewuk@ga.va,password
Lenora Cook,sejifil@arlogev.gt,password
Carl Peters,ow@nibo.et,password
Lydia Stephens,sarow@kawak.mu,password
Francisco Mendoza,zot@etowa.mo,password
Sean Marshall,hav@bi.tm,password
Fred Mann,zehiow@sum.cm,password
Cecelia Hicks,tuk@as.ht,password
Joe Nunez,hu@tarwu.bm,password
Jayden Erickson,pa@bemo.hr,password
Marcus Park,rijnevse@buhlap.sa,password
Gary Owen,cahru@ise.org,password
Josephine Cummings,guihifo@elagug.am,password
Sallie Hanson,zewad@ka.gy,password
Willie Quinn,juja@jazpahcu.kh,password
Frank Ortega,seme@toar.ne,password
Florence Pena,ujo@cafpa.py,password
Glen Gross,hihupuj@masjo.mz,password
Alex Wagner,hephofpu@woho.hn,password
Elizabeth Wilson,samik@gesetruf.nz,password
Jackson Hines,igo@foklag.mp,password
Lela Briggs,am@dewe.ax,password
Samuel Curry,olativiw@puj.yt,password
Ivan Sims,age@supjecjil.mz,password
Elmer Young,ulo@nileb.org,password
Steve Townsend,mec@iveif.jm,password
Charlie Watts,bisan@vo.tk,password
Willie Watts,girgakov@vevub.ug,password
Margaret Marsh,zicwoni@la.nu,password
Larry Reynolds,nem@uwiekuwe.ge,password
Zachary Crawford,jof@veidoaf.sz,password
Bernard Webb,mibar@ni.cr,password
Theresa Bowers,fag@bef.ke,password
Lucille Dennis,dicehidi@sagre.gq,password
David Lloyd,oz@faldiwuru.tg,password
Isabel Hudson,fabi@boiduca.ma,password
Norman Page,bucbej@jog.gl,password
Carolyn Pittman,hahgodtav@hiaveli.ac,password
Ryan Huff,vom@nuecbu.us,password
Nora Cohen,noowfat@luhafeh.cr,password
Dylan Phillips,higha@wu.me,password
Terry Duncan,kot@owbogwet.io,password
Lewis Harper,weelofo@refi.ba,password
Alvin Payne,jocosriz@muvgesew.pn,password
David Higgins,obi@mipdudo.ph,password
Carl Jimenez,bu@fa.uy,password
Theresa McKinney,ef@vabaew.ca,password
Fred Soto,eziluw@reik.sy,password
Lloyd Stanley,radnak@ji.au,password
Clarence Daniels,fu@ne.jm,password
Belle Barrett,rovda@opuje.er,password
Stephen Dixon,ec@ruhiz.mc,password
Cory Beck,it@bo.nu,password
Adeline Hodges,suigi@aneda.ky,password
Sara Moore,wu@eznut.gw,password
Miguel Bass,lija@juuzica.ir,password
Victor Sanchez,mo@ric.tp,password
Frank Montgomery,teg@cur.gq,password
Jesse Kim,pug@mobtawap.va,password
Delia Gutierrez,daddi@bubvap.dm,password
Linnie Singleton,ligufna@zu.th,password
Roy Benson,bogasa@rakiti.md,password
Mark Carson,duvzuv@nuvbam.bv,password
Owen McKenzie,ji@tol.tv,password
Benjamin Lawrence,oragib@hibo.bi,password
Shane Johnson,suf@panapeoli.tn,password
Eva Ellis,jepopnep@neko.id,password
Mable Marsh,josco@ga.dz,password
Wesley Hayes,tojudhid@ejoliger.gt,password
Eric Pope,wimnim@bod.pa,password
Gordon Reeves,doha@pe.hu,password
Jared Shelton,ma@pabgema.lu,password
Richard Walker,wuwnil@etage.pg,password
Jerome Reynolds,gukoboc@rac.sd,password
Theresa Marsh,hi@mug.gu,password
Lydia Oliver,digjurik@ze.sb,password
Raymond Chandler,zizuha@inivilguc.qa,password
Marcus Malone,uvfo@um.cw,password
Cornelia Hampton,pucbu@pej.bs,password
Lida Warner,uvusa@zilfe.zm,password
Roy Bishop,ifunevis@jevu.bh,password
Willie Brady,looti@um.sx,password
Lizzie Potter,baer@itu.ye,password
Earl McCarthy,ragobaj@pitu.tn,password
Travis Garza,jah@cizofka.hn,password
Barry Vaughn,pec@mohpe.et,password
Nathan Reid,johutu@sisoce.kw,password
Chase Rose,pivjewzij@benalik.pn,password
Cameron Hammond,kalamec@hejgir.qa,password
